muni_code,muni_name,province,muni_category,registered_2026,eligible_adults,r_2026,t_2021,adjustment,t_2026_no_recovery,t_2026_half_recovery,t_2026_full_recovery,t_2026_low,t_2026,t_2026_high,p_2026,main_factor_down,main_factor_up,worse_than_expected_2021,r_above_1_05
NW373,Rustenburg,North West,B,324493.0,358776.9178667496,0.9044422420745508,0.3600869785362774,0.031381612388245675,0.3914685909245231,0.4522598785814678,0.5130511662384126,0.39314342461136925,0.4522598785814678,0.5065667464632444,0.4090429385845869,population density,turnout last election,1,0
MP312,Emalahleni,Mpumalanga,B,219576.0,288434.89251643914,0.7612671202305575,0.3932202845317327,0.026006705551824296,0.41922699008355696,0.4800182777405017,0.5408095653974465,0.42090182377040314,0.4800182777405017,0.5343251456222783,0.36542213195354367,population density,turnout last election,0,0
MP307,Govan Mbeki,Mpumalanga,B,155046.0,211870.2155592355,0.7317970559984238,0.3991124218406613,0.02359299800191336,0.42270541984257465,0.4834967074995194,0.5442879951564642,0.4243802535294208,0.4834967074995194,0.537803575381296,0.3538214671330793,population density,turnout last election,0,0
NW383,Mafikeng,North West,B,150215.0,221637.65063678203,0.6777503712407199,0.3755667086170035,0.05140344854570834,0.4269701571627118,0.48776144481965655,0.5485527324766013,0.428644990849558,0.48776144481965655,0.5420683127014331,0.33058050030343217,population density,turnout last election,0,0
MP315,Thembisile Hani,Mpumalanga,B,168944.0,278959.26081368874,0.6056224823195036,0.407284178004872,0.03137051281667827,0.4386546908215503,0.49944597847849503,0.5602372661354397,0.44032952450839646,0.49944597847849503,0.5537528463602716,0.3024757132706395,population density,turnout last election,0,0
NW372,Madibeng,North West,B,254448.0,322653.5244137125,0.7886106326045952,0.4081165508698228,0.03150936227656545,0.4396259131463882,0.500417200803333,0.5612084884602777,0.4413007468332344,0.500417200803333,0.5547240686851095,0.39463432529173714,population density,turnout last election,0,0
EC157,King Sabata Dalindyebo,Eastern Cape,B,249284.0,287642.95689906954,0.8666438514170565,0.3935361124693193,0.047138125957634516,0.4406742384269538,0.5014655260838986,0.5622568137408434,0.44234907211380003,0.5014655260838986,0.5557723939656751,0.4345920148782303,population density,turnout last election,0,0
JHB,City of Johannesburg,Gauteng,A,2417371.0,3065792.521109311,0.7884979115042366,0.4205398273525134,0.020374322562696025,0.4409141499152094,0.5017054375721541,0.5624967252290989,0.44258898360205556,0.5017054375721541,0.5560123054539307,0.3955936897159627,population density,turnout last election,1,0
NW403,Matlosana,North West,B,202216.0,284650.79425339366,0.7104002661590646,0.4212363596382727,0.020506484572183285,0.441742844210456,0.5025341318674007,0.5633254195243454,0.44341767789730213,0.5025341318674007,0.5568409997491772,0.35700038103261594,population density,turnout last election,0,0
MP302,Msukaligwa,Mpumalanga,B,77000.0,133788.23280796813,0.5755364159008015,0.4028021015761821,0.039977690930166024,0.44277979250634814,0.5035710801632929,0.5643623678202376,0.4444546261931943,0.5035710801632929,0.5578779480450694,0.2898234946284768,refuse removal,turnout last election,1,0
ETH,eThekwini,KwaZulu-Natal,A,2031920.0,2996286.651188382,0.6781460642939832,0.4140734629738755,0.029144679443960257,0.44321814241783575,0.5040094300747805,0.5648007177317252,0.4448929761046819,0.5040094300747805,0.558316297956557,0.3417920113722659,population density,turnout last election,1,0
MP326,City of Mbombela,Mpumalanga,B,362699.0,527953.8167137972,0.6869900141220467,0.4093412465892945,0.03656663330485155,0.44590787989414604,0.5066991675510908,0.5674904552080355,0.4475827135809922,0.5066991675510908,0.5610060354328673,0.3480972682715532,population density,turnout last election,1,0
NW375,Moses Kotane,North West,B,137780.0,169606.28502685198,0.8123519713799918,0.4077827552161105,0.0389917983892565,0.446774553605367,0.5075658412623117,0.5683571289192565,0.4484493872922132,0.5075658412623117,0.5618727091440883,0.41232211175458294,higher education,turnout last election,0,0
EKU,Ekurhuleni,Gauteng,A,1711727.0,2744084.0948921163,0.6237880986177636,0.4313737435272616,0.016898573784686323,0.44827231731194794,0.5090636049688927,0.5698548926258373,0.4499471509987941,0.5090636049688927,0.5633704728506692,0.3175478182190499,population density,turnout last election,1,0
LIM343,Thulamela,Limpopo,B,261071.0,346651.9685820859,0.7531213541577778,0.4078980691474033,0.0415539887325484,0.4494520578799517,0.5102433455368964,0.5710346331938412,0.45112689156679786,0.5102433455368964,0.564550213418673,0.38427515934074236,population density,turnout last election,0,0
MP316,Dr JS Moroka,Mpumalanga,B,133712.0,204829.8205179818,0.6527955727435769,0.4287485916691658,0.025813702626123067,0.4545622942952889,0.5153535819522336,0.5761448696091783,0.456237127982135,0.5153535819522336,0.5696604498340101,0.3364205366959622,population density,turnout last election,0,0
LIM367,Mogalakwena,Limpopo,B,163336.0,235095.4236680852,0.6947646936360731,0.4071034016289491,0.04780145308745584,0.45490485471640496,0.5156961423733497,0.5764874300302945,0.45657968840325114,0.5156961423733497,0.5700030102551262,0.35828747236532504,population density,turnout last election,0,0
LIM472,Elias Motsoaledi,Limpopo,B,141812.0,175591.01885233787,0.8076267278752787,0.4048826807266548,0.05089442003878653,0.4557771007654413,0.5165683884223861,0.5773596760793308,0.4574519344522875,0.5165683884223861,0.5708752563041626,0.41719443726537764,population density,turnout last election,0,0
GT485,Rand West City,Gauteng,B,141981.0,220214.69655219745,0.644738985285418,0.4245268001303811,0.03170983763397219,0.45623663776435325,0.517027925421298,0.5778192130782427,0.4579114714511995,0.517027925421298,0.5713347933030746,0.33334806000035244,population density,turnout last election,0,0
NW371,Moretele,North West,B,106982.0,139845.574445649,0.7650009692768546,0.4337947272285747,0.024453305797067344,0.45824803302564204,0.5190393206825868,0.5798306083395316,0.4599228667124883,0.5190393206825868,0.5733461885643634,0.3970655834149791,population density,turnout last election,0,0
GT484,Merafong City,Gauteng,B,98898.0,149271.029870495,0.6625398115481766,0.4203626161521342,0.03864481749758749,0.4590074336497217,0.5197987213066665,0.5805900089636112,0.4606822673365679,0.5197987213066665,0.574105589188443,0.344387346857502,population density,turnout last election,0,0
GT421,Emfuleni,Gauteng,B,371537.0,638239.9816206581,0.5821274296489081,0.4365996859568077,0.022516274943581972,0.4591159609003897,0.5199072485573344,0.5806985362142792,0.4607907945872358,0.5199072485573344,0.5742141164391109,0.30265227025851704,population density,turnout last election,0,0
LIM476,Fetakgomo Tubatse,Limpopo,B,243293.0,345582.756214207,0.704007927551792,0.4140440794469088,0.04590778564714315,0.45995186509405195,0.5207431527509967,0.5815344404079414,0.4616266987808981,0.5207431527509967,0.5750500206327732,0.36660730775501543,population density,turnout last election,0,0
EC122,Mnquma,Eastern Cape,B,124256.0,145121.15443140955,0.8562225161923493,0.4222247912864681,0.03941969453885815,0.46164448582532625,0.522435773482271,0.5832270611392157,0.4633193195121724,0.522435773482271,0.5767426413640475,0.44732127251988635,population density,turnout last election,0,0
NMA,Nelson Mandela Bay,Eastern Cape,A,636445.0,835172.1833307835,0.7620524398475154,0.4560015087352341,0.0067419890162553784,0.4627434977514895,0.5235347854084341,0.5843260730653789,0.46441833143833555,0.5235347854084341,0.5778416532902106,0.3989609605655426,population density,turnout last election,1,0
FS201,Moqhaka,Free State,B,81751.0,103180.01693326756,0.792314271986145,0.4203304616512608,0.04248269942713351,0.4628131610783943,0.5236044487353391,0.5843957363922838,0.4644879947652405,0.5236044487353391,0.5779113166171156,0.414859277608447,refuse removal,turnout last election,0,0
MP325,Bushbuckridge,Mpumalanga,B,293222.0,452915.3381567489,0.6474101786734349,0.4312947851535432,0.033063354031540815,0.464358139185084,0.5251494268420287,0.5859407144989734,0.46603297287193013,0.5251494268420287,0.5794562947238052,0.3399870842620497,population density,turnout last election,0,0
MP313,Steve Tshwete,Mpumalanga,B,122202.0,167222.53124732728,0.730774729269344,0.4401423054590365,0.024529730196351806,0.4646720356553883,0.5254633233123331,0.5862546109692779,0.46634686934223457,0.5254633233123331,0.5797701911941097,0.38399531783454,population density,turnout last election,0,0
KZN226,Mkhambathini,KwaZulu-Natal,B,44579.0,40492.64613080728,1.1009159504170751,0.4018826241475363,0.0635671302713934,0.46544975441892966,0.5262410420758744,0.5870323297328192,0.46712458810577584,0.5262410420758744,0.5805479099576509,0.5793471569854333,population density,turnout last election,1,1
EC155,Nyandeni,Eastern Cape,B,153680.0,169139.1000091832,0.9086012636442794,0.4231766480189597,0.04243621433477783,0.46561286235373756,0.5264041500106823,0.587195437667627,0.46728769604058373,0.5264041500106823,0.5807110178924588,0.47829147588729876,population density,turnout last election,0,0
MP303,Mkhondo,Mpumalanga,B,80034.0,164072.25871438195,0.4877972707093873,0.4309860752672925,0.03580305805836703,0.4667891333256595,0.5275804209826043,0.588371708639549,0.4684639670125057,0.5275804209826043,0.5818872888643808,0.2573522894350239,population density,turnout last election,0,0
MP321,Thaba Chweu,Mpumalanga,B,57587.0,69915.67801629158,0.8236636135686365,0.4309346729723896,0.0369867508868989,0.4679214238592885,0.5287127115162332,0.5895039991731779,0.46959625754613465,0.5287127115162332,0.5830195793980097,0.43548142250713273,refuse removal,turnout last election,0,0
MAN,Mangaung,Free State,A,447303.0,528949.9898392288,0.845643271750426,0.4331389899825943,0.03675377260088499,0.4698927625834793,0.5306840502404241,0.5914753378973688,0.4715675962703255,0.5306840502404241,0.5849909181222006,0.44876939651107967,population density,turnout last election,1,0
BUF,Buffalo City,Eastern Cape,A,458595.0,656888.5083475009,0.6981321703338406,0.4501163631711793,0.020604525600270724,0.47072088877145,0.5315121764283948,0.5923034640853395,0.4723957224582962,0.5315121764283948,0.5858190443101713,0.3710657492888184,population density,turnout last election,0,0
LIM361,Thabazimbi,Limpopo,B,54561.0,47138.13670995057,1.1574704434272325,0.4147040798459114,0.05699631423780906,0.47170039408372044,0.5324916817406652,0.5932829693976099,0.4733752277705666,0.5324916817406652,0.5867985496224417,0.6163433829856805,registration rate,turnout last election,0,1
LIM333,Greater Tzaneen,Limpopo,B,207067.0,294254.46003842424,0.7037004637855305,0.4371638329486202,0.03474800824986911,0.47191184119848933,0.532703128855434,0.5934944165123789,0.47358667488533546,0.532703128855434,0.5870099967372105,0.37486343883557216,population density,turnout last election,0,0
LIM354,Polokwane,Limpopo,B,383348.0,529796.6706601264,0.7235757059823509,0.4345579072736569,0.039020854506456995,0.4735787617801139,0.5343700494370587,0.5951613370940034,0.4752535954669601,0.5343700494370587,0.5886769173188352,0.38665718577724345,population density,turnout last election,0,0
MP301,Chief Albert Luthuli,Mpumalanga,B,104214.0,153612.11754569274,0.6784230415221051,0.4367962242599916,0.03679678567746503,0.4735930099374566,0.5343842975944013,0.5951755852513462,0.47526784362430274,0.5343842975944013,0.5886911654761778,0.3625386205156475,higher education,turnout last election,0,0
NW382,Tswaing,North West,B,55662.0,77353.98373731009,0.7195750924609794,0.4289161554192229,0.044897526055977306,0.4738136814752002,0.534604969132145,0.5953962567890897,0.4754885151620464,0.534604969132145,0.5889118370139215,0.38468842009336224,higher education,turnout last election,0,0
FS184,Matjhabeng,Free State,B,206437.0,285191.7572169836,0.7238533189545717,0.4446685165248947,0.029660151427078896,0.4743286679519736,0.5351199556089183,0.5959112432658631,0.47600350163881977,0.5351199556089183,0.5894268234906949,0.38734835590633865,population density,turnout last election,0,0
NW392,Naledi,North West,B,37614.0,40760.5963072576,0.9228029864053452,0.4325953838907206,0.04261014110699118,0.4752055249977118,0.5359968126546565,0.5967881003116012,0.4768803586845579,0.5359968126546565,0.590303680536433,0.49461945942146335,registration rate,turnout last election,0,0
LIM473,Makhuduthamaga,Limpopo,B,156100.0,197394.04569288017,0.7908039953893624,0.4357871480280167,0.03987899244783489,0.4756661404758516,0.5364574281327964,0.597248715789741,0.47734097416269783,0.5364574281327964,0.5907642960145729,0.4242326775237171,population density,turnout last election,0,0
KZN282,uMhlathuze,KwaZulu-Natal,B,218132.0,280163.09756259667,0.7785893356324807,0.4404715005494619,0.03528766946147416,0.47575917001093604,0.5365504576678808,0.5973417453248255,0.4774340036977822,0.5365504576678808,0.5908573255496573,0.41775246436893876,population density,turnout last election,1,0
MP304,Dr Pixley Ka Isaka Seme,Mpumalanga,B,44543.0,77375.44038456143,0.5756736217411899,0.445362353377287,0.030737529126532024,0.47609988250381907,0.5368911701607638,0.5976824578177086,0.47777471619066525,0.5368911701607638,0.5911980380425403,0.3090740844073123,refuse removal,turnout last election,0,0
LIM355,Lepele-Nkumpi,Limpopo,B,127446.0,170191.91073175383,0.7488370008423765,0.4322683882359432,0.04392055585989831,0.4761889440958415,0.5369802317527863,0.5977715194097311,0.47786377778268774,0.5369802317527863,0.5912870996345628,0.4021106662574008,population density,turnout last election,0,0
NW381,Ratlou,North West,B,55985.0,74603.97569658262,0.7504291758886048,0.429991311166211,0.04699096927793442,0.47698228044414537,0.5377735681010901,0.598564855758035,0.47865711413099155,0.5377735681010901,0.5920804359828666,0.40356097552477554,higher education,turnout last election,0,0
LIM344,Makhado,Limpopo,B,208511.0,303132.946477586,0.6878533080052964,0.4280595491657792,0.049086696299413334,0.4771462454651925,0.5379375331221373,0.5987288207790821,0.47882107915203875,0.5379375331221373,0.5922444010039138,0.37002211165827087,population density,turnout last election,0,0
WC045,Oudtshoorn,Western Cape,B,56448.0,93466.85218494968,0.603936033796262,0.442555472593954,0.03506143607986608,0.47761690867382006,0.5384081963307649,0.5991994839877096,0.4792917423606663,0.5384081963307649,0.5927150642125414,0.3251641106554013,refuse removal,turnout last election,0,0
WC031,Theewaterskloof,Western Cape,B,65978.0,100431.86941011768,0.6569428647253006,0.4351585976627712,0.04252739905304728,0.47768599671581846,0.5384772843727632,0.599268572029708,0.47936083040266464,0.5384772843727632,0.5927841522545397,0.3537488097853434,population density,turnout last election,1,0
LIM334,Ba-Phalaborwa,Limpopo,B,90965.0,114035.26020393617,0.7976918703681807,0.4309487502486243,0.04710894922870396,0.47805769947732824,0.538848987134273,0.5996402747912177,0.4797325331641744,0.538848987134273,0.5931558550160495,0.4298354563931379,higher education,turnout last election,0,0
MP306,Dipaleseng,Mpumalanga,B,22879.0,24251.65365284233,0.9433995853440924,0.4595665457322895,0.02120656191141052,0.4807731076437,0.5415643953006448,0.6023556829575896,0.48244794133054625,0.5415643953006448,0.5958712631824213,0.5109116259637525,refuse removal,turnout last election,0,0
EC104,Makana,Eastern Cape,B,47078.0,68026.12958480725,0.6920576003270699,0.4401795529497984,0.04164381282467391,0.48182336577447227,0.542614653431417,0.6034059410883618,0.48349819946131845,0.542614653431417,0.5969215213131935,0.3755205949560511,refuse removal,turnout last election,0,0
NW397,Kagisano-Molopo,North West,B,61794.0,65460.20300803049,0.9439934060763496,0.4280736967677188,0.05437340159366776,0.48244709836138655,0.5432383860183313,0.604029673675276,0.48412193204823273,0.5432383860183313,0.5975452539001078,0.5128134543288634,higher education,turnout last election,0,0
MP324,Nkomazi,Mpumalanga,B,202502.0,347214.74969753186,0.5832183113661069,0.4528454766962027,0.029668623802912446,0.48251410049911514,0.5433053881560599,0.6040966758130046,0.4841889341859613,0.5433053881560599,0.5976122560378364,0.3168656510364845,population density,turnout last election,0,0
FS191,Setsoto,Free State,B,60096.0,80240.28974907873,0.7489504360954776,0.447988082845759,0.035541992754986915,0.4835300756007459,0.5443213632576906,0.6051126509146354,0.4852049092875921,0.5443213632576906,0.5986282311394672,0.4076697223879323,refuse removal,turnout last election,0,0
NW384,Ditsobotla,North West,B,80414.0,103846.95656315732,0.774351051406057,0.4454703908039354,0.0385139545254915,0.4839843453294269,0.5447756329863718,0.6055669206433165,0.4856591790162732,0.5447756329863718,0.5990825008681483,0.4218475841833972,higher education,turnout last election,0,0
LIM471,Ephraim Mogale,Limpopo,B,68944.0,78766.62812565421,0.8752945459340414,0.4424116922234392,0.041785089429595176,0.48419678165303437,0.544988069309979,0.6057793569669238,0.48587161533988044,0.544988069309979,0.5992949371917555,0.47702508466614796,population density,turnout last election,0,0
WC022,Witzenberg,Western Cape,B,53212.0,69771.27979806044,0.7626633788861535,0.4312285022718586,0.053348472814794295,0.4845769750866529,0.5453682627435976,0.6061595504005424,0.48625180877349905,0.5453682627435976,0.5996751306253741,0.4159324020013037,refuse removal,turnout last election,0,0
MP305,Lekwa,Mpumalanga,B,56704.0,82449.96198313715,0.6877383401534767,0.457527975584944,0.02790658569823966,0.4854345612831837,0.5462258489401284,0.6070171365970731,0.4871093949700298,0.5462258489401284,0.6005327168219049,0.3756604586990076,refuse removal,turnout last election,0,0
FS203,Ngwathe,Free State,B,52155.0,89858.6839622754,0.5804113492458424,0.4573475691014847,0.028640331909174248,0.485987901010659,0.5467791886676038,0.6075704763245485,0.4876627346975052,0.5467791886676038,0.6010860565493803,0.3173568466341109,refuse removal,turnout last election,0,0
CPT,City of Cape Town,Western Cape,A,2158431.0,3189834.0062879925,0.676659348337616,0.4661246749772509,0.02026434764951015,0.48638902262676104,0.5471803102837058,0.6079715979406506,0.48806385631360727,0.5471803102837058,0.6014871781654824,0.3702546721797469,population density,turnout last election,1,0
TSH,City of Tshwane,Gauteng,A,1684002.0,2668144.513500973,0.6311509708259233,0.4457799598450135,0.04129035097559508,0.4870703108206086,0.5478615984775533,0.6086528861344981,0.48874514450745477,0.5478615984775533,0.6021684663593299,0.34578337975734996,population density,turnout last election,1,0
FS181,Masilonyana,Free State,B,32578.0,42250.12038885072,0.7710747259455603,0.4471572361262241,0.041026895552197566,0.4881841316784217,0.5489754193353664,0.6097667069923112,0.48985896536526785,0.5489754193353664,0.6032822872171429,0.4233010710148667,refuse removal,turnout last election,0,0
FS194,Maluti a Phofung,Free State,B,189897.0,253120.54957313163,0.750223560750981,0.4627947017609655,0.025393422339682663,0.48818812410064816,0.5489794117575929,0.6097706994145377,0.48986295778749434,0.5489794117575929,0.6032862796393694,0.4118572890677603,population density,turnout last election,0,0
KZN252,Newcastle,KwaZulu-Natal,B,201426.0,329828.3609354809,0.6106994541909686,0.4563539928289354,0.03240616246035018,0.48876015528928557,0.5495514429462304,0.6103427306031751,0.4904349889761318,0.5495514429462304,0.6038583108280069,0.3356107662571221,population density,turnout last election,0,0
NW405,JB Marks,North West,B,132001.0,142777.34895885887,0.9245233992825846,0.4607836209789963,0.028536983923600455,0.4893206049025967,0.5501118925595415,0.6109031802164863,0.49099543858944295,0.5501118925595415,0.604418760441318,0.5085913168949233,refuse removal,turnout last election,0,0
FS204,Metsimaholo,Free State,B,109148.0,107488.04050801024,1.0154432017194142,0.4604504847687978,0.028968024299572924,0.4894185090683707,0.5502097967253154,0.6110010843822602,0.4910933427552169,0.5502097967253154,0.604516664607092,0.5587067976041423,refuse removal,turnout last election,0,0
FS205,Mafube,Free State,B,32169.0,40872.80155462742,0.7870515055593977,0.4523212470349034,0.037576304789356786,0.4898975518242602,0.550688839481205,0.6114801271381497,0.4915723855111064,0.550688839481205,0.6049957073629815,0.4334204802084399,refuse removal,turnout last election,0,0
KZN225,Msunduzi,KwaZulu-Natal,B,366147.0,566566.7070525081,0.6462557637825802,0.4745605838641502,0.016931466883634665,0.49149205074778485,0.5522833384047297,0.6130746260616744,0.4931668844346311,0.5522833384047297,0.6065902062865062,0.35691629068514175,population density,turnout last election,1,0
EC153,Ngquza Hill,Eastern Cape,B,157026.0,191794.0344116625,0.8187220237672401,0.4535217930431417,0.03836156567333051,0.4918833587164722,0.5526746463734169,0.6134659340303616,0.49355819240331833,0.5526746463734169,0.6069815142551934,0.45248690496368765,population density,turnout last election,0,0
NC452,GA-SEGONYANA,Northern Cape,B,69843.0,88719.39902857314,0.7872348185936903,0.433684293234855,0.058232638574507944,0.49191693180936297,0.5527082194663078,0.6134995071232525,0.4935917654962092,0.5527082194663078,0.6070150873480843,0.43511115488680036,higher education,turnout last election,1,0
KZN291,Mandeni,KwaZulu-Natal,B,84879.0,112448.81602362369,0.7548234210146623,0.4652180898064101,0.028152178927564886,0.493370268733975,0.5541615563909197,0.6149528440478644,0.4950451024208211,0.5541615563909197,0.6084684242726962,0.4182941217898037,population density,turnout last election,0,0
LIM351,Blouberg,Limpopo,B,95692.0,110265.57423879026,0.8678320560211309,0.4485440405136552,0.04714514327971149,0.4956891837933667,0.5564804714503114,0.6172717591072562,0.49736401748021286,0.5564804714503114,0.610787339332088,0.48293159167433203,higher education,turnout last election,0,0
EC156,Kumkani Mhlontlo,Eastern Cape,B,103266.0,111325.5151531026,0.9276040614586998,0.4600918809840711,0.036400085257547114,0.49649196624161823,0.5572832538985629,0.6180745415555077,0.49816679992846435,0.5572832538985629,0.6115901217803394,0.5169382096992268,population density,turnout last election,0,0
FS196,Mantsopa,Free State,B,30381.0,34881.0256213842,0.8709892974412596,0.4541865855425177,0.04273574089122242,0.49692232643374007,0.5577136140906849,0.6185049017476296,0.4985971601205863,0.5577136140906849,0.6120204819724614,0.4857625889102714,refuse removal,turnout last election,0,0
EC106,Sundays River Valley,Eastern Cape,B,27323.0,33436.66577649076,0.8171568356319409,0.463170088679396,0.034374583438675776,0.4975446721180718,0.5583359597750166,0.6191272474319613,0.49921950580491803,0.5583359597750166,0.6126428276567931,0.45624804610927516,higher education,turnout last election,0,0
EC442,Umzimvubu,Eastern Cape,B,117229.0,125824.33058443044,0.9316878496829132,0.470513300861746,0.028029005316546708,0.4985423061782927,0.5593335938352374,0.6201248814921821,0.5002171398651388,0.5593335938352374,0.6136404617170139,0.5211243132957682,population density,turnout last election,0,0
FS183,Tswelopele,Free State,B,28094.0,35853.7863486576,0.7835713563639246,0.4607441212871287,0.03846279342971403,0.49920691471684275,0.5599982023737875,0.6207894900307322,0.5008817484036889,0.5599982023737875,0.614305070255564,0.4387985509953882,refuse removal,turnout last election,0,0
FS185,Nala,Free State,B,42902.0,57867.589771274055,0.7413821824889085,0.4676132023285831,0.03254991767026511,0.5001631199988482,0.560954407655793,0.6217456953127377,0.5018379536856944,0.560954407655793,0.6152612755375695,0.4158816030246247,higher education,turnout last election,0,0
EC443,Winnie Madikizela-Mandela,Eastern Cape,B,152819.0,187793.75429284773,0.813759757748345,0.4674587280514239,0.03278021870048214,0.500238946751906,0.5610302344088508,0.6218215220657956,0.5019137804387522,0.5610302344088508,0.6153371022906273,0.4565438276420436,population density,turnout last election,0,0
EC121,Mbhashe,Eastern Cape,B,133631.0,141302.93322809855,0.9457057751539092,0.4621139725400831,0.03839913109219258,0.5005131036322756,0.5613043912892205,0.6220956789461652,0.5021879373191219,0.5613043912892205,0.615611259170997,0.5308288044614654,population density,turnout last election,0,0
NW396,Lekwa-Teemane,North West,B,29267.0,37433.706401721625,0.7818354850016661,0.4815550390872596,0.019560195266504633,0.5011152343537643,0.561906522010709,0.6226978096676538,0.5027900680406104,0.561906522010709,0.6162133898924855,0.43931845816184206,refuse removal,turnout last election,0,0
MP314,Emakhazeni,Mpumalanga,B,27794.0,33927.878315373426,0.8192083142259433,0.4737219663218304,0.027501562861602036,0.5012235291834324,0.5620148168403771,0.6228061044973219,0.5028983628702786,0.5620148168403771,0.6163216847221537,0.46040721067380763,refuse removal,turnout last election,0,0
EC137,Dr. A.B. Xuma,Eastern Cape,B,77855.0,78202.43731129507,0.9955572061020036,0.4672938367747161,0.03517440025773104,0.5024682370324471,0.5632595246893919,0.6240508123463366,0.5041430707192933,0.5632595246893919,0.6175663925711684,0.5607570787101135,registration rate,turnout last election,0,0
FS195,Phumelela,Free State,B,25991.0,33846.90982299508,0.7678987575504487,0.4583783783783783,0.044248204479203766,0.5026265828575821,0.5634178705145269,0.6242091581714716,0.5043014165444283,0.5634178705145269,0.6177247383963034,0.43264788274982474,refuse removal,turnout last election,0,0
NW404,Maquassi Hills,North West,B,42229.0,56257.15761765063,0.7506422611502628,0.474673515108464,0.028535944588945976,0.5032094596974099,0.5640007473543547,0.6247920350112994,0.5048842933842561,0.5640007473543547,0.6183076152361312,0.4233627962845109,higher education,turnout last election,0,0
WC024,Stellenbosch,Western Cape,B,106273.0,123222.49847369052,0.8624480213951397,0.460033195547145,0.04332804318414467,0.5033612387312897,0.5641525263882344,0.6249438140451792,0.5050360724181359,0.5641525263882344,0.618459394270011,0.4865522301486021,population density,turnout last election,0,0
EC142,Senqu,Eastern Cape,B,68460.0,86835.10760533765,0.7883908005405852,0.4635884825626796,0.04056070965708661,0.5041491922197662,0.5649404798767109,0.6257317675336557,0.5058240259066124,0.5649404798767109,0.6192473477584874,0.4453938771877825,higher education,turnout last election,0,0
LIM353,Molemole,Limpopo,B,68956.0,75979.39965861646,0.9075617905620031,0.4624504601330019,0.042608727058156666,0.5050591871911586,0.5658504748481034,0.6266417625050481,0.5067340208780048,0.5658504748481034,0.6201573427298799,0.5135442701435045,registration rate,turnout last election,0,0
FS193,Nketoana,Free State,B,32868.0,44446.66639660029,0.7394930298420325,0.4670454149384824,0.040133261976079054,0.5071786769145614,0.5679699645715062,0.6287612522284509,0.5088535106014076,0.5679699645715062,0.6222768324532827,0.42000982996025493,higher education,turnout last election,0,0
KZN216,Ray Nkonyeni,KwaZulu-Natal,B,201190.0,237598.6299873609,0.8467641417406419,0.4774899675921051,0.03010138257513443,0.5075913501672396,0.5683826378241843,0.629173925481129,0.5092661838540857,0.5683826378241843,0.6226895057059608,0.4812860364974775,population density,turnout last election,0,0
EC124,Amahlathi,Eastern Cape,B,50277.0,75936.84724576691,0.6620896419004634,0.4725509997980206,0.03525567382789049,0.5078066736259111,0.5685979612828559,0.6293892489398006,0.5094815073127573,0.5685979612828559,0.6229048291646324,0.3764628205710996,higher education,turnout last election,0,0
GT481,Mogale City,Gauteng,B,202249.0,288170.1318881364,0.7018388709295876,0.4856370808050242,0.022384673991004723,0.508021754796029,0.5688130424529737,0.6296043301099185,0.5096965884828751,0.5688130424529737,0.6231199103347502,0.39921510348521866,population density,turnout last election,0,0
NW394,Greater Taung,North West,B,99658.0,122741.706764363,0.8119326562023566,0.4869721782609693,0.02124086987429661,0.5082130481352659,0.5690043357922107,0.6297956234491554,0.5098878818221121,0.5690043357922107,0.6233112036739872,0.46199320175042724,higher education,turnout last election,0,0
WC026,Langeberg,Western Cape,B,48541.0,63735.41560466382,0.7616016862757858,0.4707447418518773,0.03776140093798585,0.5085061427898632,0.5692974304468079,0.6300887181037527,0.5101809764767093,0.5692974304468079,0.6236042983285844,0.43357788302076083,refuse removal,turnout last election,0,0
NC091,Sol Plaatje,Northern Cape,B,142052.0,188916.1682087196,0.7519314061200795,0.4896129012133878,0.01968627012500247,0.5092991713383903,0.5700904589953351,0.6308817466522798,0.5109740050252365,0.5700904589953351,0.6243973268771116,0.4286689204480038,population density,turnout last election,0,0
EC139,Enoch Mgijima,Eastern Cape,B,128174.0,190259.1062189989,0.6736812894120534,0.4699461382199482,0.03937202076913547,0.5093181589890836,0.5701094466460284,0.6309007343029731,0.5109929926759298,0.5701094466460284,0.6244163145278049,0.38407206712248865,piped water,turnout last election,0,0
LIM345,Collins Chabane,Limpopo,B,190769.0,250163.30531006408,0.7625778679393127,0.4742062018957111,0.036333495685693266,0.5105396975814044,0.5713309852383491,0.6321222728952939,0.5122145312682506,0.5713309852383491,0.6256378531201257,0.43568436461072724,population density,turnout last election,0,0
EC145,Walter Sisulu,Eastern Cape,B,41413.0,66731.8935932992,0.6205878144623552,0.4728607034062586,0.03804376626316877,0.5109044696694274,0.5716957573263721,0.6324870449833169,0.5125793033562736,0.5716957573263721,0.6260026252081486,0.3547874205765743,refuse removal,turnout last election,0,0
WC025,Breede Valley,Western Cape,B,84836.0,139577.3679211474,0.6078062744952112,0.4770707109687544,0.03487170169281365,0.511942412661568,0.5727337003185128,0.6335249879754575,0.5136172463484142,0.5727337003185128,0.6270405682002893,0.348111136668452,refuse removal,turnout last election,0,0
EC444,Ntabankulu,Eastern Cape,B,77779.0,80701.18734865852,0.9637900327781596,0.4817657491169764,0.0302448115122722,0.5120105606292485,0.5728018482861934,0.6335931359431382,0.5136853943160948,0.5728018482861934,0.6271087161679699,0.5520607121351407,population density,turnout last election,0,0
KZN263,AbaQulusi,KwaZulu-Natal,B,112562.0,151062.4686866865,0.7451354461409008,0.4741157373421975,0.03834581146142634,0.5124615488036238,0.5732528364605686,0.6340441241175133,0.51413638249047,0.5732528364605686,0.6275597043423451,0.4271510080475826,population density,turnout last election,0,0
NW385,Ramotshere Moiloa,North West,B,77625.0,99783.07503100196,0.7779375407691376,0.4792972917671475,0.033376439395977675,0.5126737311631252,0.57346501882007,0.6342563064770147,0.5143485648499714,0.57346501882007,0.6277718867018465,0.4461199664580124,higher education,turnout last election,0,0
EC101,Dr. Beyers Naude,Eastern Cape,B,43220.0,64962.01598740408,0.6653118648346784,0.4709743692531255,0.04173807898730087,0.5127124482404264,0.5735037358973711,0.6342950235543159,0.5143872819272726,0.5735037358973711,0.6278106037791477,0.3815588400195349,refuse removal,turnout last election,0,0
KZN433,Greater Kokstad,KwaZulu-Natal,B,48750.0,53473.66981422467,0.9116636312668388,0.4712869927445011,0.04153235849672232,0.5128193512412234,0.5736106388981682,0.634401926555113,0.5144941849280696,0.5736106388981682,0.6279175067799447,0.5229399579911954,refuse removal,turnout last election,0,0
EC141,Elundini,Eastern Cape,B,66796.0,87760.6374600147,0.7611157112484904,0.4792682527735052,0.03462832229503588,0.5138965750685411,0.5746878627254859,0.6354791503824306,0.5155714087553873,0.5746878627254859,0.6289947306072624,0.437403961384183,higher education,turnout last election,0,0
WC015,Swartland,Western Cape,B,58682.0,100064.96369367874,0.5864390275465321,0.4759197122822527,0.03865688295325696,0.5145765952355097,0.5753678828924544,0.6361591705493992,0.5162514289223559,0.5753678828924544,0.629674750774231,0.33741818172495797,refuse removal,turnout last election,0,0
EC129,Raymond Mhlaba,Eastern Cape,B,90001.0,116339.52755536482,0.7736063734414722,0.4811630590532709,0.03376186489932215,0.514924923952593,0.5757162116095378,0.6365074992664825,0.5165997576394392,0.5757162116095378,0.6300230794913143,0.44537773059471775,metro,turnout last election,0,0
LIM362,Lephalale,Limpopo,B,76841.0,80800.59189610307,0.950995508780499,0.4653722885410377,0.05116529296623645,0.5165375815072741,0.5773288691642189,0.6381201568211636,0.5182124151941203,0.5773288691642189,0.6316357370459954,0.5490371616644965,registration rate,turnout last election,0,0
LIM331,Greater Giyani,Limpopo,B,147766.0,175643.02062284766,0.8412859188825553,0.486461316930397,0.030780895239892237,0.5172422121702892,0.5780334998272341,0.6388247874841788,0.5189170458571355,0.5780334998272341,0.6323403677090106,0.486291444047054,population density,turnout last election,0,0
EC135,Intsika Yethu,Eastern Cape,B,79323.0,78674.33411589278,1.008244949148876,0.4906788463074915,0.026994284400036296,0.5176731307075277,0.5784644183644725,0.6392557060214172,0.5193479643943739,0.5784644183644725,0.632771286246249,0.5832338280783217,registration rate,turnout last election,0,0
EC138,Sakhisizwe,Eastern Cape,B,34027.0,39628.83536941208,0.8586424426256061,0.4882110030638071,0.029713933574160432,0.5179249366379676,0.5787162242949123,0.6395075119518571,0.5195997703248137,0.5787162242949123,0.6330230921766888,0.49691031241565164,higher education,turnout last election,0,0
NW374,Kgetlengrivier,North West,B,25066.0,34848.295200385866,0.7192891318173421,0.4903881195335277,0.027669702912715748,0.5180578224462434,0.5788491101031882,0.6396403977601329,0.5197326561330896,0.5788491101031882,0.6331559779849647,0.4163598738593633,higher education,turnout last election,0,0
KZN212,uMdoni,KwaZulu-Natal,B,84443.0,104900.85983861527,0.804979102458372,0.482897356294636,0.03570440884135269,0.5186017651359887,0.5793930527929334,0.6401843404498782,0.5202765988228348,0.5793930527929334,0.6336999206747099,0.4663992996078717,population density,turnout last election,0,0
FS192,Dihlabeng,Free State,B,77560.0,86742.37683696019,0.8941419733722623,0.4960994771639603,0.02287672216116033,0.5189761993251206,0.5797674869820654,0.6405587746390101,0.5206510330119668,0.5797674869820654,0.6340743548638419,0.5183944449072213,refuse removal,turnout last election,0,0
KZN254,Dannhauser,KwaZulu-Natal,B,57151.0,86871.15608485127,0.6578823464048049,0.4783676703645008,0.04172263455976325,0.520090304924264,0.5808815925812087,0.6416728802381535,0.5217651386111102,0.5808815925812087,0.6351884604629853,0.38215174511068556,population density,turnout last election,0,0
MP311,Victor Khanye,Mpumalanga,B,41042.0,69256.02041544847,0.5926127397127346,0.5170487437767743,0.0036286968049893883,0.5206774405817637,0.5814687282387084,0.6422600158956532,0.5223522742686099,0.5814687282387084,0.635775596120485,0.3445857760988206,population density,turnout last election,0,0
NC086,KGATELOPELE,Northern Cape,B,9754.0,13123.341248768884,0.7432558382123177,0.4848707711704139,0.04025573709785777,0.5251265082682717,0.5859177959252164,0.6467090835821612,0.5268013419551179,0.5859177959252164,0.6402246638069929,0.4354868225339104,higher education,turnout last election,0,0
EC131,Inxuba Yethemba,Eastern Cape,B,33121.0,51384.1237658758,0.6445765262225929,0.4924724664039608,0.033964477345179545,0.5264369437491403,0.587228231406085,0.6480195190630298,0.5281117774359865,0.587228231406085,0.6415350992878616,0.37851353349957123,refuse removal,turnout last election,0,0
LIM332,Greater Letaba,Limpopo,B,135703.0,150413.3031855365,0.902200783614258,0.5073708289459351,0.01955450553360656,0.5269253344795417,0.5877166221364865,0.6485079097934312,0.5286001681663879,0.5877166221364865,0.642023490018263,0.5302383970346629,population density,turnout last election,0,0
FS162,Kopanong,Free State,B,27242.0,32774.47608091093,0.83119559051828,0.4919693996074818,0.03637155585051017,0.528340955457992,0.5891322431149368,0.6499235307718816,0.5300157891448383,0.5891322431149368,0.6434391109967134,0.4896841227092788,refuse removal,turnout last election,0,0
LIM341,Musina,Limpopo,B,53791.0,65820.3285799787,0.8172399190417018,0.4863492904279503,0.0422742423908739,0.5286235328188241,0.5894148204757689,0.6502061081327136,0.5302983665056703,0.5894148204757689,0.6437216883575454,0.48169332016759653,higher education,turnout last election,0,0
EC109,Kou-Kamma,Eastern Cape,B,23958.0,23951.002443372017,1.0002921613257951,0.5130055703560185,0.017417069527130624,0.5304226398831491,0.5912139275400938,0.6520052151970386,0.5320974735699953,0.5912139275400938,0.6455207954218704,0.5913866573849925,refuse removal,turnout last election,0,0
NC094,Phokwane,Northern Cape,B,35029.0,53376.94453291333,0.6562571219939424,0.506433398130149,0.024189628673036097,0.5306230268031851,0.5914143144601298,0.6522056021170746,0.5322978604900312,0.5914143144601298,0.6457211823419063,0.3881198559136252,population density,turnout last election,0,0
KZN223,Mpofana,KwaZulu-Natal,B,18646.0,21838.58121183067,0.8538100446698824,0.4967199427480916,0.03471732347648567,0.5314372662245773,0.5922285538815221,0.6530198415384668,0.5331120999114235,0.5922285538815221,0.6465354217632986,0.5056506880443622,refuse removal,turnout last election,0,0
WC023,Drakenstein,Western Cape,B,146369.0,192053.34437277413,0.7621267959588292,0.5093915323748684,0.022499208137486244,0.5318907405123547,0.5926820281692995,0.6534733158262442,0.5335655741992009,0.5926820281692995,0.646988896051076,0.45169885515104874,population density,turnout last election,0,0
GT423,Lesedi,Gauteng,B,55738.0,90726.25454882238,0.6143535879132517,0.5105844983595594,0.021668641114846107,0.5322531394744056,0.5930444271313503,0.653835714788295,0.5339279731612517,0.5930444271313503,0.6473512950131268,0.364338971600104,population density,turnout last election,0,0
WC014,Saldanha Bay,Western Cape,B,76068.0,104839.81705619513,0.7255640283998859,0.5102781530248531,0.022516715516364024,0.5327948685412172,0.5935861561981619,0.6543774438551067,0.5344697022280633,0.5935861561981619,0.6478930240799384,0.4306847626935422,population density,turnout last election,0,0
LIM366,Bela-Bela,Limpopo,B,36426.0,44734.01525025851,0.8142796884254538,0.5006236607285637,0.03252168182237701,0.5331453425509407,0.5939366302078855,0.6547279178648302,0.5348201762377869,0.5939366302078855,0.648243498089662,0.48363053419014096,refuse removal,turnout last election,0,0
KZN284,uMlalazi,KwaZulu-Natal,B,118316.0,147880.41848542765,0.8000788827336124,0.5014155779414393,0.032818136313320756,0.5342337142547601,0.5950250019117048,0.6558162895686496,0.5359085479416063,0.5950250019117048,0.6493318697934813,0.47606693872808237,population density,turnout last election,0,0
LIM368,Modimolle-Mookgophong,Limpopo,B,60019.0,84043.15447353027,0.7141450172352017,0.4962831158560696,0.039019691562847396,0.535302807418917,0.5960940950758618,0.6568853827328065,0.5369776411057632,0.5960940950758618,0.6504009629576383,0.4256976278017533,refuse removal,turnout last election,0,0
KZN241,eNdumeni,KwaZulu-Natal,B,35914.0,66529.50523671777,0.5398206385605133,0.502708158116064,0.032960074085408464,0.5356682322014724,0.5964595198584172,0.6572508075153619,0.5373430658883186,0.5964595198584172,0.6507663877401937,0.3219811588854679,population density,turnout last election,0,0
FS161,Letsemeng,Free State,B,21230.0,27456.744766039355,0.773216205376936,0.508114215283484,0.02796245788071118,0.5360766731641952,0.5968679608211399,0.6576592484780847,0.5377515068510413,0.5968679608211399,0.6511748287029164,0.46150797977719155,higher education,population density,0,0
NW393,Mamusa,North West,B,33567.0,42411.029645171,0.7914686410784182,0.5191589283808304,0.0173137957325621,0.5364727241133925,0.5972640117703373,0.658055299427282,0.5381475578002387,0.5972640117703373,0.6515708796521138,0.4727157357609132,higher education,turnout last election,0,0
EC154,Port St Johns,Eastern Cape,B,96887.0,97449.8259003423,0.9942244545319364,0.513665932221173,0.022930290881658922,0.5365962231028318,0.5973875107597766,0.6581787984167213,0.538271056789678,0.5973875107597766,0.6516943786415531,0.5939372720293302,population density,turnout last election,0,0
WC044,George,Western Cape,B,123788.0,199505.6641216387,0.6204736118395435,0.513100211218024,0.024077769314253393,0.5371779805322774,0.5979692681892221,0.6587605558461669,0.5388528142191236,0.5979692681892221,0.6522761360709987,0.3710241516024153,refuse removal,turnout last election,0,0
KZN213,uMzumbe,KwaZulu-Natal,B,84595.0,85134.31946577894,0.9936650757395702,0.5099079602638646,0.027557032106353872,0.5374649923702185,0.5982562800271632,0.659047567684108,0.5391398260570647,0.5982562800271632,0.6525631479089398,0.5944663718048647,population density,turnout last election,0,0
KZN435,uMzimkhulu,KwaZulu-Natal,B,98015.0,123078.00615739849,0.7963648669661855,0.4996955101588883,0.038239976269660886,0.5379354864285492,0.5987267740854939,0.6595180617424387,0.5396103201153953,0.5987267740854939,0.6530336419672704,0.47680496779368775,population density,turnout last election,0,0
KZN266,Ulundi,KwaZulu-Natal,B,103617.0,127588.45059924811,0.8121189614995655,0.5049830353439199,0.03372734206706025,0.5387103774109802,0.5995016650679249,0.6602929527248697,0.5403852110978263,0.5995016650679249,0.6538085329497014,0.4868666696522235,population density,turnout last election,0,0
KZN227,Richmond,KwaZulu-Natal,B,38489.0,38561.25666694721,0.9981261848499574,0.5028253792764572,0.036246525751213766,0.539071905027671,0.5998631926846157,0.6606544803415605,0.5407467387145172,0.5998631926846157,0.6541700605663923,0.5987391599462104,population density,turnout last election,0,0
NC453,GAMAGARA,Northern Cape,B,35024.0,28474.44795927592,1.2300150664936942,0.5054246812189324,0.035210790539100784,0.5406354717580332,0.6014267594149779,0.6622180470719227,0.5423103054448793,0.6014267594149779,0.6557336272967544,0.7397639754729011,refuse removal,turnout last election,0,1
NC073,EMTHANJENI,Northern Cape,B,24726.0,29239.48561384867,0.845637311358482,0.5058552164655784,0.03489006540363285,0.5407452818692112,0.601536569526156,0.6623278571831007,0.5424201155560574,0.601536569526156,0.6558434374079325,0.508681767337903,refuse removal,population density,0,0
EC441,Matatiele,Eastern Cape,B,107450.0,129065.23521105078,0.8325247292525754,0.5218881006127056,0.020984883499852836,0.5428729841125585,0.6036642717695032,0.664455559426448,0.5445478177994046,0.6036642717695032,0.6579711396512797,0.5025654344143587,population density,turnout last election,0,0
FS163,Mohokare,Free State,B,19918.0,23388.18095635231,0.8516267270708885,0.5024105841462048,0.042049439017885604,0.5444600231640904,0.6052513108210351,0.6660425984779799,0.5461348568509365,0.6052513108210351,0.6595581787028116,0.5154481928898832,refuse removal,turnout last election,0,0
EC136,Emalahleni,Eastern Cape,B,64144.0,80057.51068535542,0.8012240132234537,0.5270808711801452,0.017584721809078066,0.5446655929892233,0.6054568806461681,0.6662481683031128,0.5463404266760695,0.6054568806461681,0.6597637485279446,0.4851065917450764,higher education,turnout last election,0,0
KZN265,Nongoma,KwaZulu-Natal,B,110178.0,127673.13946545243,0.8629693016189477,0.5127627704127903,0.03220672102033356,0.5449694914331238,0.6057607790900685,0.6665520667470133,0.54664432511997,0.6057607790900685,0.6600676469718451,0.5227529564795061,population density,turnout last election,0,0
KZN285,Mthonjaneni,KwaZulu-Natal,B,49923.0,59469.246546160975,0.8394759123314094,0.516318710359408,0.03064091005401868,0.5469596204134267,0.6077509080703715,0.6685421957273162,0.5486344541002729,0.6077509080703715,0.662057775952148,0.5101922480226176,population density,turnout last election,0,0
KZN292,KwaDukuza,KwaZulu-Natal,B,168010.0,222247.17801053543,0.7559601048884212,0.5391172750601326,0.008368666125739988,0.5474859411858726,0.6082772288428173,0.6690685164997621,0.5491607748727187,0.6082772288428173,0.6625840967245938,0.4598333177172544,population density,turnout last election,0,0
EC126,Ngqushwa,Eastern Cape,B,37987.0,45661.56631238872,0.831925031658266,0.5251074038944373,0.023480914217813374,0.5485883181122507,0.6093796057691955,0.6701708934261402,0.5502631517990969,0.6093796057691955,0.663686473650972,0.5069581478214397,higher education,turnout last election,0,0
KZN281,uMfolozi,KwaZulu-Natal,B,81090.0,99773.56607181356,0.812740319832151,0.5307838717079953,0.02393535362495766,0.554719225332953,0.6155105129898978,0.6763018006468425,0.5563940590197992,0.6155105129898978,0.6698173808716743,0.5002502111874608,population density,turnout last election,0,0
NC085,TSANTSABANE,Northern Cape,B,23407.0,27279.070040213846,0.8580571099195912,0.5000545375218151,0.055252272712731504,0.5553068102345465,0.6160980978914913,0.676889385548436,0.5569816439213927,0.6160980978914913,0.6704049657732678,0.5286473533037304,refuse removal,population density,0,0
KZN238,Alfred Duma,KwaZulu-Natal,B,181256.0,262819.583228641,0.6896594149238703,0.535110830735738,0.021180123838179927,0.5562909545739179,0.6170822422308626,0.6778735298878074,0.557965788260764,0.6170822422308626,0.6713891101126391,0.4255765781368467,population density,turnout last election,0,0
KZN221,uMshwathi,KwaZulu-Natal,B,62169.0,75131.51728648711,0.8274689803340561,0.5278589278800465,0.030251800855658262,0.5581107287357048,0.6189020163926495,0.6796933040495943,0.559785562422551,0.6189020163926495,0.673208884274426,0.512122220431117,population density,turnout last election,0,0
KZN242,Nqutu,KwaZulu-Natal,B,88402.0,111883.39849933489,0.7901261597852297,0.5328917882575569,0.025747347846916967,0.5586391361044739,0.6194304237614187,0.6802217114183634,0.5603139697913201,0.6194304237614187,0.6737372916431952,0.4894281819807472,population density,turnout last election,0,0
KZN434,Johannes Phumani Pungula,KwaZulu-Natal,B,62156.0,79810.17634767236,0.7787979283397832,0.5297909680109816,0.030482986303360174,0.5602739543143418,0.6210652419712865,0.6818565296282313,0.561948788001188,0.6210652419712865,0.6753721098530631,0.48368432381108417,population density,turnout last election,0,0
EC102,Blue Crane Route,Eastern Cape,B,19320.0,34709.161280026565,0.5566253774941465,0.5263894330329658,0.034226622298233866,0.5606160553311996,0.6214073429881444,0.6821986306450891,0.5622908890180458,0.6214073429881444,0.6757142108699209,0.34589109686841046,refuse removal,population density,0,0
NC093,Magareng,Northern Cape,B,12890.0,18236.96692966225,0.706806128985985,0.5328065956715905,0.028782484700864516,0.561589080372455,0.6223803680293998,0.6831716556863445,0.5632639140593012,0.6223803680293998,0.6766872359111763,0.4399022586837328,refuse removal,turnout last election,0,0
GT422,Midvaal,Gauteng,B,66271.0,74806.82935126996,0.885895052292775,0.5400536801899453,0.02168562255876972,0.561739302748715,0.6225305904056597,0.6833218780626045,0.5634141364355612,0.6225305904056597,0.6768374582874362,0.5514967699412741,population density,neighbours' turnout,0,0
WC048,Knysna,Western Cape,B,48931.0,61623.78600446367,0.7940278125147281,0.5586118251928021,0.004808245422627904,0.56342007061543,0.6242113582723747,0.6850026459293195,0.5650949043022762,0.6242113582723747,0.6785182261541512,0.49564117935586094,population density,turnout last election,0,0
WC011,Matzikama,Western Cape,B,36323.0,45023.62559432557,0.806754221156678,0.5383598300015741,0.025331045822944993,0.563690875824519,0.6244821634814638,0.6852734511384085,0.5653657095113652,0.6244821634814638,0.6787890313632403,0.5038036214257257,refuse removal,population density,0,0
KZN293,Ndwedwe,KwaZulu-Natal,B,81917.0,103290.31389588308,0.7930753321417201,0.5448151782793589,0.021795885354024207,0.5666110636333831,0.6274023512903278,0.6881936389472726,0.5682858973202293,0.6274023512903278,0.6817092191721044,0.4975773281360729,population density,turnout last election,0,0
EC105,Ndlambe,Eastern Cape,B,37766.0,63577.52824951858,0.5940149143858227,0.5553447185325743,0.011422519528091993,0.5667672380606663,0.6275585257176111,0.6883498133745558,0.5684420717475125,0.6275585257176111,0.6818653935993876,0.3727791239262398,refuse removal,neighbours' turnout,0,0
KZN294,Maphumulo,KwaZulu-Natal,B,55754.0,64328.63308788319,0.8667058092751813,0.5471407419264477,0.021110050234118195,0.5682507921605658,0.6290420798175106,0.6898333674744553,0.569925625847412,0.6290420798175106,0.6833489476992871,0.5451944248563787,population density,turnout last election,0,0
NC451,Joe Morolong,Northern Cape,B,59426.0,76597.46408360673,0.7758220289791325,0.5079333319994398,0.06044316949918829,0.5683765014986281,0.6291677891555728,0.6899590768125176,0.5700513351854742,0.6291677891555728,0.6834746570373493,0.4881222307509916,piped water,turnout last election,0,0
KZN262,uPhongolo,KwaZulu-Natal,B,73333.0,87932.7958173223,0.8339664321869973,0.543383558435475,0.025954270840657604,0.5693378292761326,0.6301291169330774,0.6909204045900221,0.5710126629629788,0.6301291169330774,0.6844359848148539,0.5255065314658217,population density,turnout last election,0,0
WC043,Mossel Bay,Western Cape,B,79934.0,101912.72138231764,0.7843378031299333,0.5520603327631783,0.018676565760759857,0.5707368985239382,0.6315281861808829,0.6923194738378277,0.5724117322107843,0.6315281861808829,0.6858350540626594,0.4953314301637452,population density,higher education,0,0
NC087,Dawid Kruiper,Northern Cape,B,65148.0,82285.76921496989,0.7917286381537272,0.5369776000268867,0.03385363315411058,0.5708312331809973,0.631622520837942,0.6924138084948868,0.5725060668678434,0.631622520837942,0.6859293887197185,0.500073638250248,refuse removal,population density,0,0
NC062,NAMA KHOI,Northern Cape,B,31122.0,28107.49047187094,1.1072493302504498,0.5439598238855256,0.027072388222897315,0.5710322121084228,0.6318234997653676,0.6926147874223123,0.572707045795269,0.6318234997653676,0.6861303676471441,0.6995861469516984,registration rate,population density,0,1
KZN214,uMuziwabantu,KwaZulu-Natal,B,52107.0,65130.684137469085,0.80003765798037,0.5445450108700475,0.028311257117567976,0.5728562679876155,0.6336475556445602,0.694438843301505,0.5745311016744616,0.6336475556445602,0.6879544235263367,0.5069419064028601,population density,turnout last election,0,0
KZN237,iNkosi Langalibalele,KwaZulu-Natal,B,110144.0,146880.1867712946,0.749890113984563,0.552235628105039,0.02223976161924022,0.5744753897242793,0.635266677381224,0.6960579650381687,0.5761502234111254,0.635266677381224,0.6895735452630005,0.47638020111200063,population density,turnout last election,0,0
WC013,Bergrivier,Western Cape,B,32935.0,48881.55320776039,0.6737715526349369,0.5457681275189717,0.029161607105444062,0.5749297346244158,0.6357210222813605,0.6965123099383053,0.576604568311262,0.6357210222813605,0.690027890163137,0.4283307402251816,refuse removal,turnout last election,0,0
EC123,Great Kei,Eastern Cape,B,20806.0,25040.99455560262,0.8308775417765868,0.5511011987733482,0.023846521993036218,0.5749477207663845,0.6357390084233292,0.696530296080274,0.5766225544532306,0.6357390084233292,0.6900458763051057,0.5282212645302605,electricity,neighbours' turnout,0,0
NC078,SIYANCUMA,Northern Cape,B,20511.0,31982.17313337468,0.6413260260478032,0.5347293681827536,0.042369755782866864,0.5770991239656205,0.6378904116225652,0.69868169927951,0.5787739576524666,0.6378904116225652,0.6921972795043417,0.40909572273989714,refuse removal,population density,0,0
KZN286,Nkandla,KwaZulu-Natal,B,66462.0,61085.186453578586,1.0880215623227654,0.5586175777528953,0.018642035898576898,0.5772596136514723,0.638050901308417,0.6988421889653618,0.5789344473383184,0.638050901308417,0.6923577691901935,0.6942131384830325,registration rate,turnout last election,0,1
WC012,Cederberg,Western Cape,B,29712.0,35356.43841907853,0.8403561367755651,0.5489004309868494,0.028882206773743938,0.5777826377605934,0.6385739254175381,0.6993652130744828,0.5794574714474395,0.6385739254175381,0.6928807932993146,0.5366295170094901,refuse removal,population density,0,0
EC108,Kouga,Eastern Cape,B,68393.0,76132.0933495478,0.8983465052771498,0.5692729313874397,0.009243399696817728,0.5785163310842575,0.6393076187412022,0.700098906398147,0.5801911647711037,0.6393076187412022,0.6936144866229788,0.5743197650932155,refuse removal,neighbours' turnout,0,0
KZN245,uMvoti,KwaZulu-Natal,B,65622.0,86817.78302259647,0.7558589693878759,0.5619569419001361,0.023578231590178914,0.585535173490315,0.6463264611472598,0.7071177488042045,0.5872100071771612,0.6463264611472598,0.7006333290290363,0.4885316528108808,population density,turnout last election,0,0
KZN253,eMadlangeni,KwaZulu-Natal,B,17688.0,22791.98973223309,0.776062125676773,0.5417804114787935,0.044007169809023035,0.5857875812878166,0.6465788689447614,0.7073701566017061,0.5874624149746628,0.6465788689447614,0.7008857368265379,0.5017853714509551,electricity,population density,0,0
KZN235,Okhahlamba,KwaZulu-Natal,B,68726.0,86475.72372678781,0.7947432763573457,0.5556010079523513,0.031713775233608604,0.58731478318596,0.6481060708429047,0.7088973584998495,0.5889896168728062,0.6481060708429047,0.7024129387246812,0.5150779421687761,higher education,neighbours' turnout,0,0
KZN275,Inkosi uMtubatuba,KwaZulu-Natal,B,121171.0,127899.65304873772,0.947391154797162,0.5736476318707429,0.014293554105123875,0.5879411859758668,0.6487324736328115,0.7095237612897562,0.5896160196627129,0.6487324736328115,0.703039341514588,0.6146034073494087,population density,refuse removal,0,0
KZN436,Dr. Nkosazana Dlamini Zuma,KwaZulu-Natal,B,61926.0,77632.45115121268,0.7976818853675042,0.5557241523650063,0.033055089868718975,0.5887792422337252,0.64957052989067,0.7103618175476147,0.5904540759205714,0.64957052989067,0.7038773977724465,0.5181506449623584,higher education,turnout last election,0,0
FS182,Tokologo,Free State,B,15299.0,18498.85425804902,0.8270241922330549,0.5600852064051711,0.030507574310567796,0.590592780715739,0.6513840683726837,0.7121753560296284,0.5922676144025851,0.6513840683726837,0.7056909362544602,0.5387103829793998,higher education,population density,0,0
KZN224,iMpendle,KwaZulu-Natal,B,18595.0,22766.02982121537,0.8167871230086662,0.5606682467194636,0.030958539411807887,0.5916267861312715,0.6524180737882163,0.713209361445161,0.5933016198181177,0.6524180737882163,0.7067249416699928,0.5328866814883328,higher education,refuse removal,0,0
WC033,Cape Agulhas,Western Cape,B,23185.0,28376.09440354106,0.8170609975524586,0.5695933500212534,0.024349902236815296,0.5939432522580688,0.6547345399150135,0.7155258275719583,0.5956180859449149,0.6547345399150135,0.70904140779679,0.534958056315011,refuse removal,population density,0,0
KZN222,uMngeni,KwaZulu-Natal,B,61574.0,73725.70055526754,0.8351768723288269,0.57081553002978,0.023369922828551465,0.5941854528583315,0.6549767405152762,0.715768028172221,0.5958602865451776,0.6549767405152762,0.7092836083970527,0.547021425591678,population density,higher education,0,0
KZN261,eDumbe,KwaZulu-Natal,B,44588.0,57444.90461728168,0.7761872057593456,0.5754861695284279,0.018727045689008796,0.5942132152174368,0.6550045028743815,0.7157957905313262,0.5958880489042829,0.6550045028743815,0.709311370756158,0.5084061148458554,higher education,neighbours' turnout,0,0
KZN276,Big Five Hlabisa,KwaZulu-Natal,B,63317.0,77103.43828874028,0.8211955446511707,0.5661424606845513,0.028434610863892755,0.5945770715484441,0.6553683592053888,0.7161596468623336,0.5962519052352903,0.6553683592053888,0.7096752270871654,0.5381855766848134,higher education,refuse removal,0,0
KZN271,uMhlabuyalingana,KwaZulu-Natal,B,103480.0,115929.24089042956,0.8926134528716879,0.5772026547740282,0.01824080829774385,0.5954434630717721,0.6562347507287168,0.7170260383856616,0.5971182967586183,0.6562347507287168,0.7105416186104934,0.5857639667423513,higher education,refuse removal,0,0
KZN244,uMsinga,KwaZulu-Natal,B,98107.0,111868.28703436536,0.8769867010644583,0.5751797182575168,0.020292513462800164,0.5954722317203169,0.6562635193772617,0.7170548070342064,0.5971470654071631,0.6562635193772617,0.7105703872590382,0.5755343788876159,population density,refuse removal,0,0
WC053,Beaufort West,Western Cape,B,29410.0,47715.16308433921,0.6163659117755961,0.5738150159982142,0.02313072245162815,0.5969457384498423,0.6577370261067871,0.7185283137637318,0.5986205721366885,0.6577370261067871,0.7120438939885636,0.4054066818048789,refuse removal,population density,0,0
WC034,Swellendam,Western Cape,B,23935.0,32129.90640103731,0.7449445915356685,0.5794546423209183,0.021903747345280576,0.6013583896661988,0.6621496773231436,0.7229409649800883,0.603033223353045,0.6621496773231436,0.7164565452049201,0.4932648209089639,refuse removal,population density,0,0
WC032,Overstrand,Western Cape,B,70030.0,95609.39738765382,0.7324593807035444,0.5831874489404625,0.019068590721100752,0.6022560396615633,0.663047327318508,0.7238386149754528,0.6039308733484094,0.663047327318508,0.7173541952002845,0.4856552347448547,population density,higher education,0,0
LIM335,Maruleng,Limpopo,B,64495.0,75645.023881536,0.8526006958633853,0.5839193965674306,0.01883745369758582,0.6027568502650165,0.6635481379219612,0.724339425578906,0.6044316839518626,0.6635481379219612,0.7178550058037377,0.5657416041311176,registration rate,neighbours' turnout,0,0
NC092,Dikgatlong,Northern Cape,B,24027.0,42875.55979801063,0.5603891847288445,0.5692178449838617,0.036239561702632594,0.6054574066864944,0.6662486943434391,0.7270399820003839,0.6071322403733406,0.6662486943434391,0.7205555622252157,0.37335856264977696,higher education,population density,0,0
KZN272,Jozini,KwaZulu-Natal,B,121171.0,116698.8740886112,1.038321928521719,0.6001812712125887,0.012787612002362662,0.6129688832149514,0.6737601708718961,0.7345514585288409,0.6146437169017975,0.6737601708718961,0.7280670387536726,0.69957995998083,population density,refuse removal,0,0
NC067,KHâI-MA,Northern Cape,B,9166.0,3922.73508189768,2.336634977543733,0.5664828824208232,0.04896068009612002,0.6154435625169432,0.676234850173888,0.7370261378308327,0.6171183962037894,0.676234850173888,0.7305417180556645,1.5801140039503525,registration rate,population density,0,1
WC041,Kannaland,Western Cape,B,16362.0,22032.50752953881,0.7426299515869266,0.6087567784695722,0.011605704194802224,0.6203624826643744,0.6811537703213192,0.7419450579782639,0.6220373163512206,0.6811537703213192,0.7354606382030957,0.5058451914769738,refuse removal,population density,0,0
NC076,THEMBELIHLE,Northern Cape,B,10101.0,13660.664760344163,0.7394222885347724,0.5919454506712124,0.0301523462870832,0.6220977969582956,0.6828890846152403,0.7436803722721851,0.6237726306451418,0.6828890846152403,0.7371959524970169,0.5049434097616169,higher education,population density,0,0
NC077,SIYATHEMBA,Northern Cape,B,13712.0,16432.937228168525,0.8344217354214419,0.6044716101013351,0.023505172767364364,0.6279767828686995,0.6887680705256443,0.749559358182589,0.6296516165555457,0.6887680705256443,0.7430749384074208,0.5747230487108862,refuse removal,population density,0,0
NC061,RICHTERSVELD,Northern Cape,B,7689.0,10616.427111337489,0.7242549606721048,0.6044474393530997,0.02775943730043238,0.6322068766535321,0.6929981643104769,0.7537894519674216,0.6338817103403783,0.6929981643104769,0.7473050321922534,0.5019073582385253,refuse removal,population density,0,0
NC071,UBUNTU,Northern Cape,B,10598.0,9993.65802906234,1.060472548608346,0.6062202934490597,0.028891152468360878,0.6351114459174205,0.6959027335743653,0.75669402123131,0.6367862796042667,0.6959027335743653,0.7502096014561418,0.7379857454571219,refuse removal,population density,0,1
NC082,KAI !GARIB,Northern Cape,B,34981.0,38860.593184522215,0.9001663930835874,0.6126888413408546,0.023315283275511377,0.6360041246163659,0.6967954122733107,0.7575866999302554,0.6376789583032121,0.6967954122733107,0.7511022801550872,0.6272318129832573,turnout last election,population density,0,0
WC047,Bitou,Western Cape,B,35934.0,42421.85832030098,0.8470633164790847,0.6442665975439847,-0.006707204531997347,0.6375593930119874,0.6983506806689321,0.7591419683258769,0.6392342266988336,0.6983506806689321,0.7526575485507087,0.5915472436328519,turnout last election,higher education,0,0
NC065,HANTAM,Northern Cape,B,14775.0,14301.340250131412,1.033119955303786,0.6101806000582581,0.027699761804497777,0.6378803618627559,0.6986716495197006,0.7594629371766454,0.639555195549602,0.6986716495197006,0.7529785174014771,0.7218116233238155,refuse removal,population density,0,0
WC042,Hessequa,Western Cape,B,36995.0,51603.49342447462,0.716908828161892,0.6318304779080253,0.008581484000826888,0.6404119619088522,0.7012032495657969,0.7619945372227417,0.6420867955956984,0.7012032495657969,0.7555101174475735,0.5026987999495263,turnout last election,population density,0,0
NC066,KAROO HOOGLAND,Northern Cape,B,7759.0,8254.828447858865,0.9399347362588168,0.6176551724137931,0.028265916426263988,0.6459210888400571,0.7067123764970018,0.7675036641539466,0.6475959225269032,0.7067123764970018,0.7610192443787783,0.6642635112135511,refuse removal,population density,0,0
NC072,UMSOBOMVU,Northern Cape,B,17467.0,22217.29676882022,0.7861892552343815,0.6410514992604545,0.00900258974597687,0.6500540890064314,0.7108453766633761,0.7716366643203209,0.6517289226932775,0.7108453766633761,0.7651522445451526,0.558858997265783,turnout last election,population density,0,0
NC074,KAREEBERG,Northern Cape,B,8127.0,6924.735919875936,1.1736187623665515,0.6564490445859873,0.011667089929625547,0.6681161345156128,0.7289074221725576,0.7896987098295023,0.669790968202459,0.7289074221725576,0.7832142900543341,0.8554594266899505,turnout last election,population density,0,1
NC075,RENOSTERBERG,Northern Cape,B,7471.0,8005.513970056494,0.9332317734931488,0.6838438089708231,0.005363752334282728,0.6892075613051059,0.7499988489620506,0.8107901366189953,0.690882394991952,0.7499988489620506,0.8043057168438271,0.6999227559346747,turnout last election,population density,0,0
WC051,Laingsburg,Western Cape,B,5285.0,8078.940064918956,0.654169972487971,0.6773584905660377,0.017622694018761133,0.6949811845847989,0.7557724722417436,0.8165637598986883,0.696656018271645,0.7557724722417436,0.8100793401235201,0.49440365737354725,turnout last election,population density,0,0
WC052,Prince Albert,Western Cape,B,8734.0,11268.879813048708,0.7750548541556487,0.7019695280564846,0.004309957842970551,0.7062794858994551,0.7670707735563999,0.8278620612133446,0.7079543195863013,0.7670707735563999,0.8213776414381764,0.5945219265258161,turnout last election,population density,0,0
NC064,KAMIESBERG,Northern Cape,B,7713.0,6277.710232257877,1.2286326884549272,0.694681988241582,0.012552282007776671,0.7072342702493587,0.7680255579063034,0.8288168455632482,0.7089091039362049,0.7680255579063034,0.82233242578808,0.943621306012517,turnout last election,population density,0,1
NC084,!KHEIS,Northern Cape,B,11178.0,10620.418811377916,1.0525008663523452,0.7078908188585608,0.011771669147134216,0.719662488005695,0.7804537756626397,0.8412450633195845,0.7213373216925412,0.7804537756626397,0.8347606435444163,0.8214282750328872,turnout last election,population density,0,1
